カード名,レアリティ,型番,画像URL,wp_id,source
PT交換専用カード,,,https://minnano-toreka.com/wp-content/uploads/2026/08/PT_minnanotoreca-a26009.webp,31667,管理画面
PT交換専用カード,,,https://minnano-toreka.com/wp-content/uploads/2026/08/PT_minnanotoreca-a26005.webp,31668,管理画面
PT交換専用カード,,,https://minnano-toreka.com/wp-content/uploads/2026/08/PT_minnanotoreca-a26001.webp,31669,管理画面
PT交換専用カード,,,https://minnano-toreka.com/wp-content/uploads/2026/08/PT_minnanotoreca-a25998.webp,31670,管理画面
PT交換専用カード,,,https://minnano-toreka.com/wp-content/uploads/2026/08/PT_minnanotoreca-a25996.webp,31671,管理画面
2pt,,,https://minnano-toreka.com/wp-content/uploads/2026/08/2pt_minnanotoreca-a25987.webp,31672,管理画面
1pt,,,https://minnano-toreka.com/wp-content/uploads/2026/08/1pt_minnanotoreca-a25986.webp,31673,管理画面
PT交換専用カード,,,https://minnano-toreka.com/wp-content/uploads/2026/08/PT_minnanotoreca-a25985.webp,31674,管理画面
PT交換専用カード,,,https://minnano-toreka.com/wp-content/uploads/2026/08/PT_minnanotoreca-a25984.webp,31675,管理画面
PT交換専用カード,,,https://minnano-toreka.com/wp-content/uploads/2026/08/PT_minnanotoreca-a25976.webp,31676,管理画面
PT交換専用カード,,,https://minnano-toreka.com/wp-content/uploads/2026/08/PT_minnanotoreca-a25974.webp,31677,管理画面
PT交換専用カード,,,https://minnano-toreka.com/wp-content/uploads/2026/08/PT_minnanotoreca-a25969.webp,31678,管理画面
ピカチュウ P,,,https://minnano-toreka.com/wp-content/uploads/2026/08/P_minnanotoreca-a25963.webp,31679,管理画面
ビクティニ P,,,https://minnano-toreka.com/wp-content/uploads/2026/08/P_minnanotoreca-a25961.webp,31680,管理画面
PT交換専用カード,,,https://minnano-toreka.com/wp-content/uploads/2026/08/PT_minnanotoreca-a25960.webp,31681,管理画面
PT交換専用カード,,,https://minnano-toreka.com/wp-content/uploads/2026/08/PT_minnanotoreca-a25956.webp,31682,管理画面
PT交換専用カード,,,https://minnano-toreka.com/wp-content/uploads/2026/08/PT_minnanotoreca-a25950.webp,31683,管理画面
PT交換専用カード,,,https://minnano-toreka.com/wp-content/uploads/2026/08/PT_minnanotoreca-a25948.webp,31684,管理画面
PT交換専用カード,,,https://minnano-toreka.com/wp-content/uploads/2026/08/PT_minnanotoreca-a25947.webp,31685,管理画面
PT交換専用カード,,,https://minnano-toreka.com/wp-content/uploads/2026/08/PT_minnanotoreca-a25945.webp,31686,管理画面
🎁みんトレ福袋,,,https://minnano-toreka.com/wp-content/uploads/2026/08/a25934_minnanotoreca-minnanotoreca.webp,31913,管理画面
🎁みんトレ福袋,,,https://minnano-toreka.com/wp-content/uploads/2026/08/a25927_minnanotoreca-minnanotoreca.webp,31914,管理画面
🎁神福袋,,,https://minnano-toreka.com/wp-content/uploads/2026/08/a25913_minnanotoreca-minnanotoreca.webp,31915,管理画面
★PlayStation 5,,,https://minnano-toreka.com/wp-content/uploads/2026/08/PlayStation-5_minnanotoreca-a25879.webp,31690,管理画面
トウホクのピカチュウ P,,,https://minnano-toreka.com/wp-content/uploads/2026/08/P_minnanotoreca-a25855.webp,31691,管理画面
カツラのリザードン R,,,https://minnano-toreka.com/wp-content/uploads/2026/08/R_minnanotoreca-a25853.webp,31692,管理画面
ニャース P,,,https://minnano-toreka.com/wp-content/uploads/2026/08/P_minnanotoreca-a25847.webp,31693,管理画面
★Nintendo Switch 2,,,https://minnano-toreka.com/wp-content/uploads/2026/08/Nintendo-Switch-2_minnanotoreca-a25824.webp,31694,管理画面
ポケパークのピカチュウ,,004/009,https://minnano-toreka.com/wp-content/uploads/2026/08/004-009_minnanotoreca-a25812.webp,31695,管理画面
ピカチュウ P,,,https://minnano-toreka.com/wp-content/uploads/2026/08/P_minnanotoreca-a25809.webp,31696,管理画面
メガシンフォニア,,,https://minnano-toreka.com/wp-content/uploads/2026/08/a25808_minnanotoreca-minnanotoreca.webp,31916,管理画面
バトルパートナーズ,,,https://minnano-toreka.com/wp-content/uploads/2026/08/a25807_minnanotoreca-minnanotoreca.webp,31917,管理画面
アビスアイ,,,https://minnano-toreka.com/wp-content/uploads/2026/08/a25806_minnanotoreca-minnanotoreca.webp,31918,管理画面
ニンジャスピナー,,,https://minnano-toreka.com/wp-content/uploads/2026/08/a25805_minnanotoreca-minnanotoreca.webp,31919,管理画面
ムニキスゼロ,,,https://minnano-toreka.com/wp-content/uploads/2026/08/a25794_minnanotoreca-minnanotoreca.webp,31920,管理画面
★AirPods Pro,,,https://minnano-toreka.com/wp-content/uploads/2026/08/AirPods-Pro_minnanotoreca-a25793.webp,31702,管理画面
ワイルドフォース,,,https://minnano-toreka.com/wp-content/uploads/2026/08/a25786_minnanotoreca-minnanotoreca.webp,31921,管理画面
メガブレイブ,,,https://minnano-toreka.com/wp-content/uploads/2026/08/a25783_minnanotoreca-minnanotoreca.webp,31922,管理画面
_のピカチュウ25th,,,https://minnano-toreka.com/wp-content/uploads/2026/08/25th_minnanotoreca-a25772.webp,31705,管理画面
メガリザードンXex MUR,,116/080,https://minnano-toreka.com/wp-content/uploads/2026/08/116-080-Xex-MUR_minnanotoreca-a25768.webp,31706,管理画面
"ONE PIECE Card Game Premium Booster ""ONE PIECE CARD THE BEST vol.2"" Box",,,https://minnano-toreka.com/wp-content/uploads/2026/08/ONE-PIECE-Card-Game-Premium-Booster-ONE-PIECE-CARD-THE-BEST-vol-2-Box_minnanotoreca-a25749.webp,31707,管理画面
おナミ R,プロモ,,https://minnano-toreka.com/wp-content/uploads/2026/08/R_minnanotoreca-a25748.webp,31708,管理画面
ナミ R-P,,,https://minnano-toreka.com/wp-content/uploads/2026/08/R-P_minnanotoreca-a25747.webp,31709,管理画面
シャーロット・プリン R,プロモ,,https://minnano-toreka.com/wp-content/uploads/2026/08/R_minnanotoreca-a25744.webp,31710,管理画面
ヴィンスモーク・レイジュ -SPC,SR,,https://minnano-toreka.com/wp-content/uploads/2026/08/SPC_minnanotoreca-a25743.webp,31711,管理画面
ポイント交換カード,,,https://minnano-toreka.com/wp-content/uploads/2026/08/a25740_minnanotoreca-minnanotoreca.webp,31923,管理画面
ゼウス R-SPC,,,https://minnano-toreka.com/wp-content/uploads/2026/08/R-SPC_minnanotoreca-a25737.webp,31713,管理画面
ウタ R,プロモ,,https://minnano-toreka.com/wp-content/uploads/2026/08/R_minnanotoreca-a25720.webp,31714,管理画面
シャーロット・カタクリ SEC,プロモ,,https://minnano-toreka.com/wp-content/uploads/2026/08/SEC_minnanotoreca-a25716.webp,31715,管理画面
モンキー・D・ルフィ SEC-SP,,,https://minnano-toreka.com/wp-content/uploads/2026/08/D-SEC-SP_minnanotoreca-a25715.webp,31716,管理画面
Nのゼクロム,,210/193,https://minnano-toreka.com/wp-content/uploads/2026/08/210-193-N_minnanotoreca-a25710.webp,31717,管理画面
メガスターミーex,,111/080,https://minnano-toreka.com/wp-content/uploads/2026/08/111-080-ex_minnanotoreca-a25706.webp,31718,管理画面
ブラックボルト,,,https://minnano-toreka.com/wp-content/uploads/2026/08/a25698_minnanotoreca-minnanotoreca.webp,31924,管理画面
メガリザードンex,,223/193,https://minnano-toreka.com/wp-content/uploads/2026/08/223-193-ex_minnanotoreca-a25697.webp,31720,管理画面
メガジガルデex,,117/080,https://minnano-toreka.com/wp-content/uploads/2026/08/117-080-ex_minnanotoreca-a25691.webp,31721,管理画面
ライコウ 旧裏,,,https://minnano-toreka.com/wp-content/uploads/2026/08/a25689_minnanotoreca-minnanotoreca.webp,31925,管理画面
ピチュー旧裏,,,https://minnano-toreka.com/wp-content/uploads/2026/08/a25684_minnanotoreca-minnanotoreca.webp,31926,管理画面
わるいサンダースNo.135旧裏,,,https://minnano-toreka.com/wp-content/uploads/2026/08/No-135_minnanotoreca-a25683.webp,31724,管理画面
古代ミュウ P,プロモ,,https://minnano-toreka.com/wp-content/uploads/2026/08/P_minnanotoreca-a25681.webp,31725,管理画面
サカキのギャラドス R,,,https://minnano-toreka.com/wp-content/uploads/2026/08/R_minnanotoreca-a25679.webp,31726,管理画面
リザードンNo.006,,,https://minnano-toreka.com/wp-content/uploads/2026/08/No-006_minnanotoreca-a25678.webp,31727,管理画面
ピカチュウ日本,,,https://minnano-toreka.com/wp-content/uploads/2026/08/a25674_minnanotoreca-minnanotoreca.webp,31927,管理画面
ピカチュウLV.15,,,https://minnano-toreka.com/wp-content/uploads/2026/08/LV-15_minnanotoreca-a25673.webp,31729,管理画面
ミュウNo.151旧裏,,,https://minnano-toreka.com/wp-content/uploads/2026/08/No-151_minnanotoreca-a25670.webp,31730,管理画面
ポケパークのピカチュウ,,,https://minnano-toreka.com/wp-content/uploads/2026/08/a25668_minnanotoreca-minnanotoreca.webp,31928,管理画面
ネフェルタリ・ビビ -SPC,SR,,https://minnano-toreka.com/wp-content/uploads/2026/08/SPC_minnanotoreca-a25538.webp,31732,管理画面
ニコ・ロビン -SPC,SR,,https://minnano-toreka.com/wp-content/uploads/2026/08/SPC_minnanotoreca-a25537.webp,31733,管理画面
ボア・ハンコック -SPC,SR,,https://minnano-toreka.com/wp-content/uploads/2026/08/SPC_minnanotoreca-a25535.webp,31734,管理画面
ウタ -SPC,SR,,https://minnano-toreka.com/wp-content/uploads/2026/08/SPC_minnanotoreca-a25453.webp,31735,管理画面
〔状態A-〕サボ,,OP13-120,https://minnano-toreka.com/wp-content/uploads/2026/08/OP13-120-A_minnanotoreca-a25250.webp,31736,管理画面
イーザンバロン・V・ナス寿郎聖,,OP13-080,https://minnano-toreka.com/wp-content/uploads/2026/08/OP13-080-V_minnanotoreca-a25239.webp,31737,管理画面
ゴムゴムの巨人,,●OP09-078,https://minnano-toreka.com/wp-content/uploads/2026/08/OP09-078_minnanotoreca-a24873.webp,31738,管理画面
サンジ},,●OP06-119[PRB02],https://minnano-toreka.com/wp-content/uploads/2026/08/OP06-119-PRB02_minnanotoreca-a24651.webp,31739,管理画面
おれの時代だァ!!!!,,●OP09-096,https://minnano-toreka.com/wp-content/uploads/2026/08/OP09-096_minnanotoreca-a24650.webp,31740,管理画面
孫悟空,,FB03-140,https://minnano-toreka.com/wp-content/uploads/2026/08/FB03-140_minnanotoreca-a22166.webp,31741,管理画面
孫悟空,,,https://minnano-toreka.com/wp-content/uploads/2026/08/a20264_minnanotoreca-minnanotoreca.webp,31929,管理画面
ベジット,,,https://minnano-toreka.com/wp-content/uploads/2026/08/a20263_minnanotoreca-minnanotoreca.webp,31930,管理画面
孫悟飯,,,https://minnano-toreka.com/wp-content/uploads/2026/08/a20184_minnanotoreca-minnanotoreca.webp,31931,管理画面
孫悟空,,,https://minnano-toreka.com/wp-content/uploads/2026/08/a20181_minnanotoreca-minnanotoreca.webp,31932,管理画面
孫悟飯,,,https://minnano-toreka.com/wp-content/uploads/2026/08/a20158_minnanotoreca-minnanotoreca.webp,31933,管理画面
かめはめ波,,,https://minnano-toreka.com/wp-content/uploads/2026/08/a20010_minnanotoreca-minnanotoreca.webp,31934,管理画面
ギガンティックミーティア,,,https://minnano-toreka.com/wp-content/uploads/2026/08/a19999_minnanotoreca-minnanotoreca.webp,31935,管理画面
エナジーマーカー,,,https://minnano-toreka.com/wp-content/uploads/2026/08/a19833_minnanotoreca-minnanotoreca.webp,31936,管理画面
エナジーマーカー,,,https://minnano-toreka.com/wp-content/uploads/2026/08/a19831_minnanotoreca-minnanotoreca.webp,31937,管理画面
エナジーマーカー,,,https://minnano-toreka.com/wp-content/uploads/2026/08/a19829_minnanotoreca-minnanotoreca.webp,31938,管理画面
エナジーマーカー,,,https://minnano-toreka.com/wp-content/uploads/2026/08/a19827_minnanotoreca-minnanotoreca.webp,31939,管理画面
エナジーマーカー,,,https://minnano-toreka.com/wp-content/uploads/2026/08/a19825_minnanotoreca-minnanotoreca.webp,31940,管理画面
エナジーマーカー,,,https://minnano-toreka.com/wp-content/uploads/2026/08/a19823_minnanotoreca-minnanotoreca.webp,31941,管理画面
エナジーマーカー,,,https://minnano-toreka.com/wp-content/uploads/2026/08/a19821_minnanotoreca-minnanotoreca.webp,31942,管理画面
エナジーマーカー,,,https://minnano-toreka.com/wp-content/uploads/2026/08/a19819_minnanotoreca-minnanotoreca.webp,31943,管理画面
エナジーマーカー,,,https://minnano-toreka.com/wp-content/uploads/2026/08/a19817_minnanotoreca-minnanotoreca.webp,31944,管理画面
エナジーマーカー,,,https://minnano-toreka.com/wp-content/uploads/2026/08/a19815_minnanotoreca-minnanotoreca.webp,31945,管理画面
ボアハンコック,SR,,https://minnano-toreka.com/wp-content/uploads/2026/08/a19723_minnanotoreca-minnanotoreca.webp,31946,管理画面
ウソップ R-P,,,https://minnano-toreka.com/wp-content/uploads/2026/08/R-P_minnanotoreca-a19509.webp,31760,管理画面
ウルトラネクロズマ,,236/SM-P,https://minnano-toreka.com/wp-content/uploads/2026/08/236-SM-P_minnanotoreca-a18056.webp,31761,管理画面
ビクトリーカップ,,,https://minnano-toreka.com/wp-content/uploads/2026/08/a16747_minnanotoreca-1.webp,31762,公式
ビクトリーカップ,,,https://minnano-toreka.com/wp-content/uploads/2026/08/a16746_minnanotoreca-minnanotoreca.webp,31947,管理画面
ビクトリーカップ,,,https://minnano-toreka.com/wp-content/uploads/2026/08/a16745_minnanotoreca-minnanotoreca.webp,31948,管理画面
ビクトリーカップ,,,https://minnano-toreka.com/wp-content/uploads/2026/08/a16744_minnanotoreca-minnanotoreca.webp,31949,管理画面
ビクトリーカップ,,,https://minnano-toreka.com/wp-content/uploads/2026/08/a16743_minnanotoreca-minnanotoreca.webp,31950,管理画面
ビクトリーカップ,,,https://minnano-toreka.com/wp-content/uploads/2026/08/a16742_minnanotoreca-minnanotoreca.webp,31951,管理画面
勝利の勲章,,,https://minnano-toreka.com/wp-content/uploads/2026/08/a16730_minnanotoreca-minnanotoreca.webp,31952,管理画面
勝利の勲章,,,https://minnano-toreka.com/wp-content/uploads/2026/08/a16728_minnanotoreca-minnanotoreca.webp,31953,管理画面
勝利の勲章,,,https://minnano-toreka.com/wp-content/uploads/2026/08/a16727_minnanotoreca-minnanotoreca.webp,31954,管理画面
勝利の勲章,,,https://minnano-toreka.com/wp-content/uploads/2026/08/a16726_minnanotoreca-minnanotoreca.webp,31955,管理画面
勝利の勲章2019,,,https://minnano-toreka.com/wp-content/uploads/2026/08/2019_minnanotoreca-a16725.webp,31772,管理画面
勝利の勲章2019,,,https://minnano-toreka.com/wp-content/uploads/2026/08/2019_minnanotoreca-a16724.webp,31773,管理画面
勝利の勲章2019,,,https://minnano-toreka.com/wp-content/uploads/2026/08/2019_minnanotoreca-a16723.webp,31774,管理画面
チャンピオンズフェスティバル,,,https://minnano-toreka.com/wp-content/uploads/2026/08/a16719_minnanotoreca-minnanotoreca.webp,31956,管理画面
MアブソルEX,,,https://minnano-toreka.com/wp-content/uploads/2026/08/M-EX_minnanotoreca-a16718.webp,31776,管理画面
チャンピオンズフェスティバル,,,https://minnano-toreka.com/wp-content/uploads/2026/08/a16685_minnanotoreca-minnanotoreca.webp,31957,管理画面
ビクトリーリング,,,https://minnano-toreka.com/wp-content/uploads/2026/08/a16682_minnanotoreca-minnanotoreca.webp,31958,管理画面
ビクトリーリング,,,https://minnano-toreka.com/wp-content/uploads/2026/08/a16681_minnanotoreca-1.webp,31779,公式
ビクトリーリング,,,https://minnano-toreka.com/wp-content/uploads/2026/08/a16680_minnanotoreca-minnanotoreca.webp,31959,管理画面
ピッチのピカチュウ,,,https://minnano-toreka.com/wp-content/uploads/2026/08/a16676_minnanotoreca-minnanotoreca.webp,31960,管理画面
ピッチのピカチュウ,,,https://minnano-toreka.com/wp-content/uploads/2026/08/a16675_minnanotoreca-minnanotoreca.webp,31961,管理画面
プロテクトキューブ,,,https://minnano-toreka.com/wp-content/uploads/2026/08/a16673_minnanotoreca-1.webp,31783,公式
ポケモンカードジムメダル,,,https://minnano-toreka.com/wp-content/uploads/2026/08/a16671_minnanotoreca-minnanotoreca.webp,31962,管理画面
基本フェアリーエネルギー,,,https://minnano-toreka.com/wp-content/uploads/2026/08/a16663_minnanotoreca-minnanotoreca.webp,31963,管理画面
トロピカルビーチ,,,https://minnano-toreka.com/wp-content/uploads/2026/08/a15925_minnanotoreca-minnanotoreca.webp,31964,管理画面
トロピカルビーチ,,,https://minnano-toreka.com/wp-content/uploads/2026/08/a15924_minnanotoreca-minnanotoreca.webp,31965,管理画面
チャンピオンズフェスティバル,,,https://minnano-toreka.com/wp-content/uploads/2026/08/a15875_minnanotoreca-minnanotoreca.webp,31966,管理画面
リザードンLV76,,,https://minnano-toreka.com/wp-content/uploads/2026/08/LV76_minnanotoreca-a15045.webp,31789,管理画面
MリザードンEX,RR,055/080,https://minnano-toreka.com/wp-content/uploads/2026/08/055-080-M-EX_minnanotoreca-a9580.webp,31790,管理画面
MリザードンEX,,011/072,https://minnano-toreka.com/wp-content/uploads/2026/08/011-072-M-EX_minnanotoreca-a9578.webp,31791,管理画面
MミュウツーEX,SR,063/059,https://minnano-toreka.com/wp-content/uploads/2026/08/063-059-M-EX_minnanotoreca-a8588.webp,31792,管理画面
MミュウツーEX,SR,063/059,https://minnano-toreka.com/wp-content/uploads/2026/08/063-059-M-EX_minnanotoreca-a8587.webp,31793,管理画面
MヘルガーEX,SR,061/059,https://minnano-toreka.com/wp-content/uploads/2026/08/061-059-M-EX_minnanotoreca-a8559.webp,31794,管理画面
商品コード重複 使用不可→240630356を使用,,,https://minnano-toreka.com/wp-content/uploads/2026/08/240630356_minnanotoreca-a8364.webp,31795,管理画面
チャンピオンズフェスティバル,,,https://minnano-toreka.com/wp-content/uploads/2026/08/a7131_minnanotoreca-minnanotoreca.webp,31967,管理画面
カプテテフGX,HR,057/050,https://minnano-toreka.com/wp-content/uploads/2026/08/057-050-GX_minnanotoreca-a6485.webp,31797,管理画面
なにかのPSA10,,,https://minnano-toreka.com/wp-content/uploads/2026/08/PSA10_minnanotoreca-a25992.webp,31798,管理画面
なにかのPSA10,,,https://minnano-toreka.com/wp-content/uploads/2026/08/PSA10_minnanotoreca-a25939.webp,31799,管理画面
👑なにかのPSA10,,,https://minnano-toreka.com/wp-content/uploads/2026/08/PSA10_minnanotoreca-a25932.webp,31800,管理画面
なにかのPSA10,,,https://minnano-toreka.com/wp-content/uploads/2026/08/PSA10_minnanotoreca-a25928.webp,31801,管理画面
👑なにかのPSA10,,,https://minnano-toreka.com/wp-content/uploads/2026/08/PSA10_minnanotoreca-a25894.webp,31802,管理画面
なにかのPSA10,,,https://minnano-toreka.com/wp-content/uploads/2026/08/PSA10_minnanotoreca-a25890.webp,31803,管理画面
なにかのカード,,,https://minnano-toreka.com/wp-content/uploads/2026/08/a25979_minnanotoreca-minnanotoreca.webp,31968,管理画面
なにかの,HR,,https://minnano-toreka.com/wp-content/uploads/2026/08/a25977_minnanotoreca-minnanotoreca.webp,31969,管理画面
なにかのカード,,,https://minnano-toreka.com/wp-content/uploads/2026/08/a25736_minnanotoreca-minnanotoreca.webp,31970,管理画面
なにかのパック×5,,,https://minnano-toreka.com/wp-content/uploads/2026/08/5_minnanotoreca-a25758.webp,31807,管理画面
なにかのパック×2,,,https://minnano-toreka.com/wp-content/uploads/2026/08/2_minnanotoreca-a25754.webp,31808,管理画面
なにかのPSA10,,,https://minnano-toreka.com/wp-content/uploads/2026/08/PSA10_minnanotoreca-a25796.webp,31809,管理画面
〔PSA9鑑定済〕セレビィex,,052/PCG-P,https://minnano-toreka.com/wp-content/uploads/2026/08/052-PCG-P-PSA9-ex_minnanotoreca-a25666.webp,31810,管理画面
〔PSA7鑑定済〕ひかるコイキング,,旧裏,https://minnano-toreka.com/wp-content/uploads/2026/08/PSA7_minnanotoreca-a25665.webp,31811,管理画面
〔PSA10鑑定済/ケース欠有〕アセロラ,SR,395/SM-P,https://minnano-toreka.com/wp-content/uploads/2026/08/395-SM-P-PSA10_minnanotoreca-a6070.webp,31812,管理画面
〔ARS10鑑定済〕リーリエ,SR,119/114,https://minnano-toreka.com/wp-content/uploads/2026/08/119-114-ARS10_minnanotoreca-a6068.webp,31813,管理画面
〔PSA10鑑定済〕レックウザ☆,,067/082,https://minnano-toreka.com/wp-content/uploads/2026/08/067-082-PSA10_minnanotoreca-a6063.webp,31814,管理画面
〔BGS8.5鑑定済〕ラッキー,,旧裏,https://minnano-toreka.com/wp-content/uploads/2026/08/BGS8-5_minnanotoreca-a5352.webp,31815,管理画面
〔PSA9鑑定済〕レックウザex,,029/PLAY,https://minnano-toreka.com/wp-content/uploads/2026/08/029-PLAY-PSA9-ex_minnanotoreca-a5220.webp,31816,管理画面
〔PSA10鑑定済〕ラティアス☆,,065/082,https://minnano-toreka.com/wp-content/uploads/2026/08/065-082-PSA10_minnanotoreca-a5091.webp,31817,管理画面
〔PSA9鑑定済〕ニンフィアGX,HR,064/051,https://minnano-toreka.com/wp-content/uploads/2026/08/064-051-PSA9-GX_minnanotoreca-a4933.webp,31818,管理画面
〔PSA10鑑定済〕ブラッキーex,,091/106,https://minnano-toreka.com/wp-content/uploads/2026/08/091-106-PSA10-ex_minnanotoreca-a4367.webp,31819,管理画面
〔PSA10鑑定済〕エーフィex,,041/106,https://minnano-toreka.com/wp-content/uploads/2026/08/041-106-PSA10-ex_minnanotoreca-a3748.webp,31820,管理画面
〔PSA10鑑定済〕セレビィex,,052/PCG-P,https://minnano-toreka.com/wp-content/uploads/2026/08/052-PCG-P-PSA10-ex_minnanotoreca-a3744.webp,31821,管理画面
〔PSA9鑑定済〕フーディン☆,,033/075,https://minnano-toreka.com/wp-content/uploads/2026/08/033-075-PSA9_minnanotoreca-a3694.webp,31822,管理画面
〔PSA10鑑定済〕ミュウツー☆,,002/002,https://minnano-toreka.com/wp-content/uploads/2026/08/002-002-PSA10_minnanotoreca-a3571.webp,31823,管理画面
〔PSA9鑑定済〕ミュウex,,007/PLAY,https://minnano-toreka.com/wp-content/uploads/2026/08/007-PLAY-PSA9-ex_minnanotoreca-a3554.webp,31824,管理画面
〔PSA9鑑定済〕リザードンδ種,,032/075,https://minnano-toreka.com/wp-content/uploads/2026/08/032-075-PSA9_minnanotoreca-a3232.webp,31825,管理画面
〔PSA10鑑定済〕ピカチュウ,,019/L-P,https://minnano-toreka.com/wp-content/uploads/2026/08/019-L-P-PSA10_minnanotoreca-a3149.webp,31826,管理画面
〔PSA8鑑定済〕ピカチュウ☆,,001/002,https://minnano-toreka.com/wp-content/uploads/2026/08/001-002-PSA8_minnanotoreca-a3065.webp,31827,管理画面
〔PSA10鑑定済〕ウッウ,,226/S-P,https://minnano-toreka.com/wp-content/uploads/2026/08/226-S-P-PSA10_minnanotoreca-a2739.webp,31828,管理画面
〔PSA10鑑定済〕パルキアGX,HR,057/050,https://minnano-toreka.com/wp-content/uploads/2026/08/057-050-PSA10-GX_minnanotoreca-a2588.webp,31829,管理画面
〔PSA鑑定済〕ひかるギャラドス,,旧裏,https://minnano-toreka.com/wp-content/uploads/2026/08/PSA_minnanotoreca-a2497.webp,31830,管理画面
〔PSA9鑑定済〕シャワーズ☆,,022/PLAY,https://minnano-toreka.com/wp-content/uploads/2026/08/022-PLAY-PSA9_minnanotoreca-a2496.webp,31831,管理画面
〔PSA10鑑定済〕リザードンGX,RR,011/051,https://minnano-toreka.com/wp-content/uploads/2026/08/011-051-PSA10-GX_minnanotoreca-a2296.webp,31832,管理画面
〔BGS10鑑定済〕リザードンV,SR,SWSH050,https://minnano-toreka.com/wp-content/uploads/2026/08/SWSH050-BGS10-V_minnanotoreca-a2179.webp,31833,管理画面
〔PSA10鑑定済〕カイオーガex,,027/PLAY,https://minnano-toreka.com/wp-content/uploads/2026/08/027-PLAY-PSA10-ex_minnanotoreca-a262.webp,31834,管理画面
〔PSA10鑑定済〕セレビィ,,142/XY-P,https://minnano-toreka.com/wp-content/uploads/2026/08/142-XY-P-PSA10_minnanotoreca-a127.webp,31835,管理画面
〔PSA10鑑定済〕ベル,SR,063/059,https://minnano-toreka.com/wp-content/uploads/2026/08/063-059-PSA10_minnanotoreca-a16.webp,31836,管理画面
VSTARユニバース,,,https://minnano-toreka.com/wp-content/uploads/2026/08/box_minnanotoreca-1731481688771756.webp,31837,管理画面
黒炎の支配者,,,https://minnano-toreka.com/wp-content/uploads/2026/08/box_minnanotoreca-1731481719875267.webp,31838,管理画面
25thアニバーサリーコレクション,,,https://minnano-toreka.com/wp-content/uploads/2026/08/box_minnanotoreca-1731481762517075.webp,31839,管理画面
パラダイムトリガー,,,https://minnano-toreka.com/wp-content/uploads/2026/08/box_minnanotoreca-1731481766398199.webp,31840,管理画面
クレイバースト,,,https://minnano-toreka.com/wp-content/uploads/2026/08/box_minnanotoreca-1731481695348179.webp,31841,管理画面
ハイクラスパック シャイニースターV【未開封BOX】,,,https://minnano-toreka.com/wp-content/uploads/2026/08/S4a-BOX_minnanotoreca-17174.jpg,32002,管理画面
VMAXクライマックス,,,https://minnano-toreka.com/wp-content/uploads/2026/08/box_minnanotoreca-1731481797861767.webp,31842,管理画面
フュージョンアーツ,,,https://minnano-toreka.com/wp-content/uploads/2026/08/box_minnanotoreca-1731481764131690.webp,31843,管理画面
クリムゾンヘイズ,,,https://minnano-toreka.com/wp-content/uploads/2026/08/box_minnanotoreca-1731481703381919.webp,31844,管理画面
バイオレットex,,,https://minnano-toreka.com/wp-content/uploads/2026/08/box_minnanotoreca-1731481695790706.webp,31845,管理画面
ステラミラクル,,,https://minnano-toreka.com/wp-content/uploads/2026/08/box-stellamiracle-cr58164_minnanotoreca-minnanotoreca.webp,31971,管理画面
熱風のアリーナ,,,https://minnano-toreka.com/wp-content/uploads/2026/08/box-netsukaze-arena-sv9a_minnanotoreca-minnanotoreca.webp,31972,管理画面
★PlayStation 5 デジタル・エディション 日本語専用,,,https://minnano-toreka.com/wp-content/uploads/2026/08/ps5-digital-edition-jp-only-front_minnanotoreca-minnanotoreca.webp,31973,公式
★AirPods Pro 3,,,https://minnano-toreka.com/wp-content/uploads/2026/08/airpods-pro_minnanotoreca-3.webp,31849,公式
★MacBook Air (M5) 13インチ,,,https://minnano-toreka.com/wp-content/uploads/2026/08/macbook-air-m5-13-silver-open_minnanotoreca-minnanotoreca.webp,31974,公式
★Apple Watch SE 3 GPSモデル 40mm,,,https://minnano-toreka.com/wp-content/uploads/2026/08/apple-watch-se3-40mm-midnight-band_minnanotoreca-minnanotoreca.webp,31975,公式
★AirPods Max 2 ブルー,,,https://minnano-toreka.com/wp-content/uploads/2026/08/airpods-max-2-blue-front_minnanotoreca-minnanotoreca.webp,31976,公式
25thアニバーサリーゴールデンボックス,,,https://minnano-toreka.com/wp-content/uploads/2026/08/box-25th-golden-box_minnanotoreca-15595.webp,32409,カードラッシュ
新時代の主役,,,https://minnano-toreka.com/wp-content/uploads/2026/08/box-shinjidai-no-shuyaku_minnanotoreca-136035.webp,32410,カードラッシュ
神速の拳,,,https://minnano-toreka.com/wp-content/uploads/2026/08/box-shinsoku-no-kobushi_minnanotoreca-498158.webp,32411,カードラッシュ
ブラックボルトデラックス,,,https://minnano-toreka.com/wp-content/uploads/2026/08/box-black-bolt-deluxe_minnanotoreca-584774.webp,32412,カードラッシュ
ホワイトフレアデラックス,,,https://minnano-toreka.com/wp-content/uploads/2026/08/box-white-flare-deluxe_minnanotoreca-584776.webp,32413,カードラッシュ
ブラックボルト,,,https://minnano-toreka.com/wp-content/uploads/2026/08/box-black-bolt_minnanotoreca-584770.webp,32414,カードラッシュ
ホワイトフレア,,,https://minnano-toreka.com/wp-content/uploads/2026/08/box-white-flare_minnanotoreca-584772.webp,32415,カードラッシュ
ONE PIECE CARD THE BEST,,,https://minnano-toreka.com/wp-content/uploads/2026/08/box-one-piece-card-the-best_minnanotoreca-216885.webp,32416,公式
ヒロインズエディション,,,https://minnano-toreka.com/wp-content/uploads/2026/08/box-heroines-edition_minnanotoreca-691521.webp,32417,公式
新たなる皇帝,,,https://minnano-toreka.com/wp-content/uploads/2026/08/box-aratanaru-kotei_minnanotoreca-299926.webp,32418,カードラッシュ
世界最強の戦士,,,https://minnano-toreka.com/wp-content/uploads/2026/08/box-sekai-saikyo-no-senshi_minnanotoreca-864495.webp,32419,公式
エッグヘッドクライシス,,,https://minnano-toreka.com/wp-content/uploads/2026/08/box-egghead-crisis_minnanotoreca-751287.webp,32420,公式
クロスフォース,,,https://minnano-toreka.com/wp-content/uploads/2026/08/box-cross-force_minnanotoreca-825169.webp,32421,スニダン
リミットオーバーコレクション ザ ヒーローズ,,,https://minnano-toreka.com/wp-content/uploads/2026/08/box-limit-over-collection-the-heroes_minnanotoreca-764411.webp,32422,公式
ONE PIECE CARD THE BEST vol.2,,,https://minnano-toreka.com/wp-content/uploads/2026/08/box-one-piece-card-the-best-vol2_minnanotoreca-548907.webp,32423,カードラッシュ
蒼海の七傑,,,https://minnano-toreka.com/wp-content/uploads/2026/08/box-sokai-no-shichiketsu_minnanotoreca-725356.webp,32424,公式
神の島の冒険,,,https://minnano-toreka.com/wp-content/uploads/2026/08/box-kami-no-shima-no-boken_minnanotoreca-755998.webp,32425,公式
リミットオーバーコレクション ザ ライバルズ,,,https://minnano-toreka.com/wp-content/uploads/2026/08/box-limit-over-collection-the-rivals_minnanotoreca-764413.webp,32426,公式
ビヨンド・ザ・ブレイブ,,,https://minnano-toreka.com/wp-content/uploads/2026/08/box-beyond-the-brave_minnanotoreca-855165.webp,32427,公式
カオス・オリジンズ,,,https://minnano-toreka.com/wp-content/uploads/2026/08/box-chaos-origins_minnanotoreca-783305.webp,32428,公式
なにかのPSA10,,,https://minnano-toreka.com/wp-content/uploads/2026/09/psa10_250000pt_minnanotoreca-r3.webp,32600,DOPAリライト第3陣で作成
なにかのPSA10,,,https://minnano-toreka.com/wp-content/uploads/2026/09/psa10_158000pt_minnanotoreca-r3.webp,32599,DOPAリライト第3陣で作成
なにかのPSA10,,,https://minnano-toreka.com/wp-content/uploads/2026/09/psa10_148000pt_minnanotoreca-r3.webp,32598,DOPAリライト第3陣で作成
なにかのPSA10,,,https://minnano-toreka.com/wp-content/uploads/2026/09/psa10_73000pt_minnanotoreca-r3.webp,32603,DOPAリライト第3陣で作成
なにかのPSA10,,,https://minnano-toreka.com/wp-content/uploads/2026/09/psa10_52000pt_minnanotoreca-r3.webp,32602,DOPAリライト第3陣で作成
なにかのPSA10,,,https://minnano-toreka.com/wp-content/uploads/2026/09/psa10_33000pt_minnanotoreca-r3.webp,32601,DOPAリライト第3陣で作成
