カード名,レアリティ,型番,画像URL,wp_id,source
「決戦の刻」1BOX,OP-16,OP-16,https://minnano-toreka.com/wp-content/uploads/2026/08/OP-16_minnanotoreca-a25650.webp,25650,手動追加
ルギア LV.43 : 旧裏,,No.249,https://minnano-toreka.com/wp-content/uploads/2026/08/No-249_minnanotoreca-76951.webp,27113,カードラッシュ
メガカイリューex,MUR,250/193,https://minnano-toreka.com/wp-content/uploads/2026/08/250-193_minnanotoreca-050010.webp,28288,公式
リザードンEX,P,075/XY-P,https://minnano-toreka.com/wp-content/uploads/2026/08/075-XY-P_minnanotoreca-030606.webp,28289,公式
ハッサム ★:1ED,★,074/087,https://minnano-toreka.com/wp-content/uploads/2026/08/074-087_minnanotoreca-110751.webp,27114,スニダン
ランターン ★:1ED,★,045/087,https://minnano-toreka.com/wp-content/uploads/2026/08/045-087_minnanotoreca-91883.webp,27115,スニダン
オーヤマのピカチュウ,,PMCG-EX,https://minnano-toreka.com/wp-content/uploads/2026/08/PMCG-EX_minnanotoreca-92150.webp,27116,カードラッシュ
ヤドキング,プロモ,030,https://minnano-toreka.com/wp-content/uploads/2026/08/030_minnanotoreca-453460.webp,27117,カードラッシュ
レックウザ ★,,DP5 #442,https://minnano-toreka.com/wp-content/uploads/2026/08/DP5-442_minnanotoreca-446946.webp,27118,スニダン
ゲンガーVMAX,SA,020/019,https://minnano-toreka.com/wp-content/uploads/2026/08/020-019_minnanotoreca-91178.webp,28290,公式
ゲンシグラードンEX SR,,074/070,https://minnano-toreka.com/wp-content/uploads/2026/08/074-070_minnanotoreca-91535.webp,28291,公式
フウロ,SR,076/070,https://minnano-toreka.com/wp-content/uploads/2026/08/076-070_minnanotoreca-91599.webp,27119,カードラッシュ
わるいフシギバナ ★,,041/048,https://minnano-toreka.com/wp-content/uploads/2026/08/041-048_minnanotoreca-91735.webp,27120,カードラッシュ
シャワーズδ-デルタ種 R,,030/086,https://minnano-toreka.com/wp-content/uploads/2026/08/030-086_minnanotoreca-91996.webp,27121,カードラッシュ
ラフレシア ★,,004/087,https://minnano-toreka.com/wp-content/uploads/2026/08/004-087_minnanotoreca-91868.webp,27122,スニダン
ガブリアス&ギラティナGX,HR,066/054,https://minnano-toreka.com/wp-content/uploads/2026/08/066-054_minnanotoreca-104612.webp,27123,カードラッシュ
イーブイ,P,306,https://minnano-toreka.com/wp-content/uploads/2026/08/306_minnanotoreca-407433.webp,28292,公式
ピカチュウ,,003/009,https://minnano-toreka.com/wp-content/uploads/2026/08/003-009_minnanotoreca-450656.webp,27124,カードラッシュ
ブラッキー,P,025,https://minnano-toreka.com/wp-content/uploads/2026/08/025_minnanotoreca-452558.webp,27125,カードラッシュ
ピカチュウ,AR,151 C 171/151,https://minnano-toreka.com/wp-content/uploads/2026/08/151-C-171-151_minnanotoreca-607471.webp,27126,カードラッシュ
ニャース ●,,029/128,https://minnano-toreka.com/wp-content/uploads/2026/08/029-128_minnanotoreca-431060.webp,27127,スニダン
ゲンガー＆ミミッキュGX,SR,102/095,https://minnano-toreka.com/wp-content/uploads/2026/08/102-095_minnanotoreca-149334.webp,27128,カードラッシュ
ヤドン,,014/018,https://minnano-toreka.com/wp-content/uploads/2026/08/014-018_minnanotoreca-92013.webp,27129,カードラッシュ
エーフィ ★ :1ED,,046/092,https://minnano-toreka.com/wp-content/uploads/2026/08/046-092_minnanotoreca-91777.webp,32380,cardrush
カツラのリザードン R: 旧裏,,PMCG-G2 No.006,https://minnano-toreka.com/wp-content/uploads/2026/08/PMCG-G2-No.006_minnanotoreca-92141.webp,32381,cardrush
アイリス,SR,082/076,https://minnano-toreka.com/wp-content/uploads/2026/08/082-076_minnanotoreca-91575.webp,32382,cardrush
ブラッキー,P,025/e-P,https://minnano-toreka.com/wp-content/uploads/2026/08/025-e-P_minnanotoreca-452558.webp,32383,cardrush
ホウオウex ☆,,020/106,https://minnano-toreka.com/wp-content/uploads/2026/08/020-106_minnanotoreca-438206.webp,32384,cardrush
ミュウツーEX,プロモ,XY-P,https://minnano-toreka.com/wp-content/uploads/2026/08/XY-P_minnanotoreca-91387.webp,32394,snkrdunk
シャワーズ ★ :1ED,,027/088,https://minnano-toreka.com/wp-content/uploads/2026/08/027-088_minnanotoreca-91905.webp,32395,snkrdunk
スイクン ★ :1ED,,031/092,https://minnano-toreka.com/wp-content/uploads/2026/08/031-092_minnanotoreca-91767.webp,32396,snkrdunk
サナ,,185/171,https://minnano-toreka.com/wp-content/uploads/2026/08/185-171_minnanotoreca-91450.webp,32397,snkrdunk
メガリザードンYex MUR仕様,,766/742,https://minnano-toreka.com/wp-content/uploads/2026/08/766-742_minnanotoreca-742562.webp,32389,official
サンダース,P,186/BW-P,https://minnano-toreka.com/wp-content/uploads/2026/08/186-BW-P_minnanotoreca-91566.webp,32390,official
ポケモンセンターのお姉さん SR :1ED,,086/080,https://minnano-toreka.com/wp-content/uploads/2026/08/086-080_minnanotoreca-91543.webp,32391,official
拡張パック『超電ブレイカー』(SV8)【未開封BOX】,,,https://minnano-toreka.com/wp-content/uploads/2026/08/none_minnanotoreca-60019.webp,32392,cardrush
拡張パック『ロケット団の栄光』(SV10)【未開封BOX】,,,https://minnano-toreka.com/wp-content/uploads/2026/08/none_minnanotoreca-65254.webp,32393,cardrush
ピカチュウ(バトルフェスタ2014),P,090/XY-P,https://minnano-toreka.com/wp-content/uploads/2026/08/090-XY-P_minnanotoreca-030655.webp,32398,公式
はくばバドレックスVMAX HR,SA,085/070,https://minnano-toreka.com/wp-content/uploads/2026/08/085-070_minnanotoreca-93029.webp,32405,cardrush
ミュウ ふしぎなしっぽ,UR,030/028,https://minnano-toreka.com/wp-content/uploads/2026/08/030-028_minnanotoreca-91161.webp,32406,cardrush
ピッピ (リーリエ),プロモ,381/SM-P,https://minnano-toreka.com/wp-content/uploads/2026/08/381-SM-P_minnanotoreca-93048.webp,32407,pokemon-card
メガリザードンXex MUR,MUR,116/080,https://minnano-toreka.com/wp-content/uploads/2026/08/116-080_minnanotoreca-048522.webp,32429,pokemon-card
ポンチョを着たピカチュウ,プロモ,038/SM-P,https://minnano-toreka.com/wp-content/uploads/2026/08/038-SM-P_minnanotoreca-033401.webp,32430,pokemon-card
アルセウス&ディアルガ&パルキアGX SR:SA,SR,100/095,https://minnano-toreka.com/wp-content/uploads/2026/08/100-095_minnanotoreca-037382.webp,32431,pokemon-card
カメール,,002/032,https://minnano-toreka.com/wp-content/uploads/2026/08/002-032_minnanotoreca-147475.webp,32445,cardrush
レックウザVMAX,HR,082/067,https://minnano-toreka.com/wp-content/uploads/2026/08/082-067_minnanotoreca-96630.webp,32446,cardrush
ミュウV,SR,106/100,https://minnano-toreka.com/wp-content/uploads/2026/08/106-100_minnanotoreca-91163.webp,32447,pokemon-card
ニンフィア,R,068/187,https://minnano-toreka.com/wp-content/uploads/2026/08/068-187_minnanotoreca-471614.webp,32448,pokemon-card
メガゲンガーex,MUR,240/193,https://minnano-toreka.com/wp-content/uploads/2026/08/240-193_minnanotoreca-724996.webp,32449,pokemon-card
メガカイリューex,MUR,246/193,https://minnano-toreka.com/wp-content/uploads/2026/08/246-193_minnanotoreca-730964.webp,32450,pokemon-card
トウホクのピカチュウ,プロモ,260/SV-P,https://minnano-toreka.com/wp-content/uploads/2026/08/260-SV-P_minnanotoreca-618445.webp,32451,pokemon-card
ゲンガー,R,094/165,https://minnano-toreka.com/wp-content/uploads/2026/08/094-165_minnanotoreca-128212.webp,32452,pokemon-card
ピカチュウ セブンイレブン,プロモ,001/S-P,https://minnano-toreka.com/wp-content/uploads/2026/08/001-S-P_minnanotoreca-93381.webp,32453,pokemon-card
メガゲッコウガex,MUR,120/083,https://minnano-toreka.com/wp-content/uploads/2026/09/M4-120-083_minnanotoreca-776371.webp,32574,手動追加(カードラッシュ/高画質へ付け替え)
ピカチュウex,SAR,764/742,https://minnano-toreka.com/wp-content/uploads/2026/09/MC-764-742_minnanotoreca-737036.webp,32588,手動追加(公式/第一弾CSV用に高画質へ)
ピカチュウEX,RR,008/027,https://minnano-toreka.com/wp-content/uploads/2026/08/008-027_minnanotoreca-107388.webp,32456,pokemon-card
イーブイ&カビゴンGX,プロモ,297/SM-P,https://minnano-toreka.com/wp-content/uploads/2026/08/297-SM-P_minnanotoreca-107497.webp,32457,pokemon-card
メガダークライex,MUR,118/081,https://minnano-toreka.com/wp-content/uploads/2026/08/118-081_minnanotoreca-826556.webp,32458,pokemon-card
名探偵ピカチュウ,P,338/SM-P,https://minnano-toreka.com/wp-content/uploads/2026/08/338-SM-P_minnanotoreca-a16811.jpg,32461,cardrush
名探偵ピカチュウ,P,099/S-P,https://minnano-toreka.com/wp-content/uploads/2026/08/099-S-P_minnanotoreca-a17564.jpg,32462,cardrush
ミュウツー&ミュウGX,UR,222/173,https://minnano-toreka.com/wp-content/uploads/2026/08/222-173_minnanotoreca-a7968.jpg,32463,cardrush
かんこうきゃく,SR,192/173,https://minnano-toreka.com/wp-content/uploads/2026/08/192-173_minnanotoreca-a9299.webp,32464,管理画面
拡張パック『ロストアビス』(S11)【未開封BOX】,,,https://minnano-toreka.com/wp-content/uploads/2026/08/S11-BOX_minnanotoreca-a22744.jpg,32465,cardrush
メガリザードンXex MA,MA,223/193,https://minnano-toreka.com/wp-content/uploads/2026/08/223-193_minnanotoreca-722239.jpg,32466,cardrush
拡張パック『イーブイヒーローズ』(S6a)【未開封BOX】,,,https://minnano-toreka.com/wp-content/uploads/2026/08/a1-1_minnanotoreca-a27020.jpg,32063,管理画面
拡張パック『スカイレジェンド』(SM7a)【未開封BOX】,,,https://minnano-toreka.com/wp-content/uploads/2026/08/a1-2_minnanotoreca-a27021.jpg,32062,管理画面
拡張パック『フュージョンアーツ』(S8)【未開封BOX】,,,https://minnano-toreka.com/wp-content/uploads/2026/08/box_minnanotoreca-1731481764131690.webp,31843,管理画面
拡張パック『オルタージェネシス』(SM12)【未開封BOX】,,,https://minnano-toreka.com/wp-content/uploads/2026/08/a1-6_minnanotoreca-a27026.jpg,32057,管理画面
拡張パック『ポケモン151』(SV2a)【未開封BOX】,,,https://minnano-toreka.com/wp-content/uploads/2026/08/151-a16_minnanotoreca-a27027.jpg,32056,管理画面
拡張パック『双璧のファイター』(S5a)【未開封BOX】,,,https://minnano-toreka.com/wp-content/uploads/2026/08/a3_minnanotoreca-a27029.jpg,32054,管理画面
拡張パック『Pokemon GO』(S10b)【未開封BOX】,,,https://minnano-toreka.com/wp-content/uploads/2026/08/Pokemon-GO-a6_minnanotoreca-a27031.jpg,32052,管理画面
フクオカのピカチュウ,プロモ,289/SV-P,https://minnano-toreka.com/wp-content/uploads/2026/08/289-SV-P_minnanotoreca-a26934.png,32090,管理画面
エネル SEC-SP (コミパラ),SEC,OP15-118,https://minnano-toreka.com/wp-content/uploads/2026/09/OP15-118_minnanotoreca-764635.webp,32471,手動追加(DOPA)
サボ SEC-SP (コミパラ),SEC,OP13-120,https://minnano-toreka.com/wp-content/uploads/2026/09/OP13-120_minnanotoreca-676006.webp,32472,手動追加(DOPA)
ジュラキュール・ミホーク SEC-SP (コミパラ),SEC,OP14-119,https://minnano-toreka.com/wp-content/uploads/2026/09/OP14-119_minnanotoreca-728159.webp,32473,手動追加(DOPA)
ナミ SR-SPC,SR,EB03-053,https://minnano-toreka.com/wp-content/uploads/2026/09/EB03-053_minnanotoreca-710436-1.webp,32548,手動追加(カードラッシュ/高画質へ付け替え)
ロロノア・ゾロ R-SPC,R,PRB02-006,https://minnano-toreka.com/wp-content/uploads/2026/09/PRB02-006_minnanotoreca-751310.webp,32475,手動追加(DOPA)
ミス・オールサンデー SR-SPC,SR,OP14-084,https://minnano-toreka.com/wp-content/uploads/2026/09/OP14-084_minnanotoreca-822582-2.webp,32562,手動追加(カードラッシュ/高画質へ付け替え)
モンキー・D・ルフィ SR-SPC,SR,ST26-005,https://minnano-toreka.com/wp-content/uploads/2026/09/ST26-005_minnanotoreca-764639-1.webp,32559,手動追加(カードラッシュ/高画質へ付け替え)
ギア2 R-P,R,OP11-080,https://minnano-toreka.com/wp-content/uploads/2026/09/OP11-080_minnanotoreca-520548-1.webp,32584,手動追加(カードラッシュ/第一弾CSV用に高画質へ)
ボア・ハンコック SR-SPC,SR,OP12-014,https://minnano-toreka.com/wp-content/uploads/2026/09/OP12-014_minnanotoreca-764614.webp,32479,手動追加(DOPA)
ピカチュウ,プロモ,227/S-P,https://minnano-toreka.com/wp-content/uploads/2026/09/227-S-P_minnanotoreca-91118.webp,32480,手動追加(公式)
ビクティニ,プロモ,288/SV-P,https://minnano-toreka.com/wp-content/uploads/2026/09/288-SV-P_minnanotoreca-585230.webp,32481,手動追加(公式)
メガリザードンXex,SAR,110/080,https://minnano-toreka.com/wp-content/uploads/2026/09/110-080_minnanotoreca-704401.webp,32482,手動追加(公式)
漫才ごっこピカチュウ,プロモ,407/SM-P,https://minnano-toreka.com/wp-content/uploads/2026/09/407-SM-P_minnanotoreca-127035.webp,32483,手動追加(公式)
お茶会ごっこピカチュウ,プロモ,325/SM-P,https://minnano-toreka.com/wp-content/uploads/2026/09/325-SM-P_minnanotoreca-91260.webp,32484,手動追加(公式)
シブヤのピカチュウ,プロモ,002/S-P,https://minnano-toreka.com/wp-content/uploads/2026/09/002-S-P_minnanotoreca-91127.webp,32485,手動追加(公式)
ピカチュウ C: マスターボールミラー (マスボピカチュウ),C,025/165,https://minnano-toreka.com/wp-content/uploads/2026/09/SV2a-025-165_minnanotoreca-128147.webp,32572,手動追加(カードラッシュ/高画質へ付け替え)
メガサーナイトex,MUR,092/063,https://minnano-toreka.com/wp-content/uploads/2026/09/M1S-092-063_minnanotoreca-663661.webp,32573,手動追加(カードラッシュ/高画質へ付け替え)
メガルカリオex,MUR,092/063,https://minnano-toreka.com/wp-content/uploads/2026/09/M1L-092-063_minnanotoreca-663638.webp,32576,手動追加(カードラッシュ/高画質へ付け替え)
モンキー・D・ルフィ,P,P-001,https://minnano-toreka.com/wp-content/uploads/2026/09/P-001_minnanotoreca-157931.webp,32489,手動追加(スニダン)
サンジ SEC-SP (コミパラ),,OP06-119,https://minnano-toreka.com/wp-content/uploads/2026/09/OP06-119_minnanotoreca-653291.webp,32490,手動追加(スニダン/apparel ID一致)
モンキー・D・ルフィ,,ST21-014,https://minnano-toreka.com/wp-content/uploads/2026/09/ST21-014_minnanotoreca-605546-1.webp,32580,手動追加(カードラッシュ/第一弾CSV用に高画質へ)
シャンクス SEC-SP (コミパラ),,OP01-120,https://minnano-toreka.com/wp-content/uploads/2026/09/OP01-120_minnanotoreca-93520-1.webp,32578,手動追加(カードラッシュ/切り出し不正を修正)
モンキー・Ｄ・ルフィ SEC-SPC,,EB02-061,https://minnano-toreka.com/wp-content/uploads/2026/09/EB02-061_minnanotoreca-656303-1.webp,32581,手動追加(カードラッシュ/第一弾CSV用に高画質へ)
モンキー・D・ルフィ：手配書 SEC-SPC,,OP13-118,https://minnano-toreka.com/wp-content/uploads/2026/09/OP13-118_minnanotoreca-676009-1.webp,32555,手動追加(カードラッシュ/高画質へ付け替え)
ロロノア・ゾロ SEC-SP (コミパラ),,OP06-118,https://minnano-toreka.com/wp-content/uploads/2026/09/OP06-118_minnanotoreca-159664-1.webp,32579,手動追加(カードラッシュ/第一弾CSV用に高画質へ)
シルバーズ･レイリー SEC-SP (コミパラ),,OP08-118,https://minnano-toreka.com/wp-content/uploads/2026/09/OP08-118_minnanotoreca-265745-1.webp,32563,手動追加(カードラッシュ/高画質へ付け替え)
ポートガス・D・エース SR-SP (コミパラ),,OP02-013,https://minnano-toreka.com/wp-content/uploads/2026/09/OP02-013_minnanotoreca-102434.webp,32497,手動追加(スニダン/apparel ID一致)
ボア・ハンコック SR-SP (コミパラ),,OP07-051,https://minnano-toreka.com/wp-content/uploads/2026/09/OP07-051_minnanotoreca-198723-1.webp,32550,手動追加(カードラッシュ/高画質へ付け替え)
ボア・ハンコック SR-SPC,,EB03-026,https://minnano-toreka.com/wp-content/uploads/2026/09/EB03-026_minnanotoreca-710430.webp,32499,手動追加(スニダン/apparel ID一致)
メガサーナイトex,,092/063,https://minnano-toreka.com/wp-content/uploads/2026/09/M1S-092-063_minnanotoreca-663661.webp,32573,手動追加(カードラッシュ/高画質へ付け替え)
ゾロ十郎 R-SPC,,OP05-067,https://minnano-toreka.com/wp-content/uploads/2026/09/OP05-067_minnanotoreca-349481-1.webp,32566,手動追加(カードラッシュ/高画質へ付け替え)
ロロノア・ゾロ,,ST21-015,https://minnano-toreka.com/wp-content/uploads/2026/09/ST21-015_minnanotoreca-635880-2.webp,32567,手動追加(カードラッシュ/高画質へ付け替え)
モンキー・D・ルフィ,,OP09-061,https://minnano-toreka.com/wp-content/uploads/2026/09/OP09-061_minnanotoreca-744853-1.webp,32554,手動追加(カードラッシュ/高画質へ付け替え)
モンキー・D・ルフィ SEC-SPC,,OP09-119,https://minnano-toreka.com/wp-content/uploads/2026/09/OP09-119_minnanotoreca-676017-1.webp,32582,手動追加(カードラッシュ/第一弾CSV用に高画質へ)
メガルカリオex,,092/063,https://minnano-toreka.com/wp-content/uploads/2026/09/M1L-092-063_minnanotoreca-663638.webp,32576,手動追加(カードラッシュ/高画質へ付け替え)
そげキング SEC-SP (コミパラ),,OP03-122,https://minnano-toreka.com/wp-content/uploads/2026/09/OP03-122_minnanotoreca-112979-1.webp,32577,手動追加(カードラッシュ/切り出し不正を修正)
モンキー・D・ルフィ SEC-SP (コミパラ),,OP11-118,https://minnano-toreka.com/wp-content/uploads/2026/09/OP11-118_minnanotoreca-519929-1.webp,32543,手動追加(カードラッシュ/高画質へ付け替え)
モンキー・D・ルフィ,,ST13-003,https://minnano-toreka.com/wp-content/uploads/2026/09/ST13-003_minnanotoreca-556832-2.webp,32552,手動追加(カードラッシュ/高画質へ付け替え)
モンキー・Ｄ・ルフィ SEC-SP (コミパラ),,OP13-118,https://minnano-toreka.com/wp-content/uploads/2026/09/OP13-118_minnanotoreca-676002-1.webp,32545,手動追加(カードラッシュ/高画質へ付け替え)
ポートガス・Ｄ・エース SEC-SP (コミパラ),,OP13-119,https://minnano-toreka.com/wp-content/uploads/2026/09/OP13-119_minnanotoreca-676004-1.webp,32544,手動追加(カードラッシュ/高画質へ付け替え)
メガゲッコウガex,,120/083,https://minnano-toreka.com/wp-content/uploads/2026/09/M4-120-083_minnanotoreca-776371.webp,32574,手動追加(カードラッシュ/高画質へ付け替え)
モンキー・D・ルフィ：手配書 SEC-SPC,,OP05-119,https://minnano-toreka.com/wp-content/uploads/2026/09/OP05-119_minnanotoreca-349476-1.webp,32586,手動追加(カードラッシュ/第一弾CSV用に高画質へ)
モンキー・D・ルフィ SR-P (サインルフィ),,ST01-012,https://minnano-toreka.com/wp-content/uploads/2026/09/ST01-012_minnanotoreca-135441-1.webp,32583,手動追加(カードラッシュ/第一弾CSV用に高画質へ)
ギラティナV SR,,111/100,https://minnano-toreka.com/wp-content/uploads/2026/09/111-100_minnanotoreca-93379.webp,32516,手動追加(スニダン/apparel ID一致)
ミュウex,,347/190,https://minnano-toreka.com/wp-content/uploads/2026/09/SV4a-347-190_minnanotoreca-164250.webp,32540,手動追加(公式/高画質へ付け替え)
ジュラキュール・ミホーク,,OP01-070,https://minnano-toreka.com/wp-content/uploads/2026/09/OP01-070_minnanotoreca-165933-1.webp,32553,手動追加(カードラッシュ/高画質へ付け替え)
イーブイGX SR,,188/173,https://minnano-toreka.com/wp-content/uploads/2026/09/SM12a-188-173_minnanotoreca-93085.webp,32537,手動追加(公式/高画質へ付け替え)
ゼクロムex,,174/086,https://minnano-toreka.com/wp-content/uploads/2026/09/SV11B-174-086_minnanotoreca-585213-1.webp,32592,手動追加(公式/第一弾CSV用に高画質へ)
ルチア,,104/096,https://minnano-toreka.com/wp-content/uploads/2026/09/SM7-104-096_minnanotoreca-91302.webp,32539,手動追加(公式/高画質へ付け替え)
トラファルガー・ロー SR-SP (コミパラ),,OP05-069,https://minnano-toreka.com/wp-content/uploads/2026/09/OP05-069_minnanotoreca-135449-1.webp,32542,手動追加(カードラッシュ/高画質へ付け替え)
モンキー・D・ルフィ SEC-SP (コミパラ),,OP09-119,https://minnano-toreka.com/wp-content/uploads/2026/09/OP09-119_minnanotoreca-349475.webp,32521,手動追加(スニダン/apparel ID一致)
ブラッキー&ダークライGX SR,,182/173,https://minnano-toreka.com/wp-content/uploads/2026/09/SM12a-182-173_minnanotoreca-93082.webp,32535,手動追加(公式/高画質へ付け替え)
サーナイト&ニンフィアGX SR,,061/055,https://minnano-toreka.com/wp-content/uploads/2026/09/061-055_minnanotoreca-91289.webp,32522,手動追加(スニダン/apparel ID一致)
ゲンガー&ミミッキュGX SR,,103/095,https://minnano-toreka.com/wp-content/uploads/2026/09/103-095_minnanotoreca-93096.webp,32523,手動追加(スニダン/apparel ID一致)
こくばバドレックスVMAX HR,,086/070,https://minnano-toreka.com/wp-content/uploads/2026/09/S6K-086-070_minnanotoreca-91182.webp,32575,手動追加(カードラッシュ/高画質へ付け替え)
ウタ SEC-SP (コミパラ),,EB03-061,https://minnano-toreka.com/wp-content/uploads/2026/09/EB03-061_minnanotoreca-714426-1.webp,32546,手動追加(カードラッシュ/高画質へ付け替え)
シャンクス SEC-SP (コミパラ),,OP01-120,https://minnano-toreka.com/wp-content/uploads/2026/09/OP01-120_minnanotoreca-93520-card.webp,32527,手動追加(スニダン/カード部分のみ)
ポートガス・D・エース SR-SP (コミパラ),,OP02-013,https://minnano-toreka.com/wp-content/uploads/2026/09/OP02-013_minnanotoreca-102434-card.webp,32528,手動追加(スニダン/カード部分のみ)
そげキング SEC-SP (コミパラ),,OP03-122,https://minnano-toreka.com/wp-content/uploads/2026/09/OP03-122_minnanotoreca-112979-card.webp,32529,手動追加(スニダン/カード部分のみ)
モンキー・D・ルフィ(英語版/ドルトムント),L,ST13-003,https://minnano-toreka.com/wp-content/uploads/2026/09/ST13-003_minnanotoreca-556832-2.webp,32552,手動追加(カードラッシュ/高画質へ付け替え)
ボア・ハンコック(パラレル/SP/タロット柄),,EB03-026,https://minnano-toreka.com/wp-content/uploads/2026/09/EB03-026_minnanotoreca-710430-1.webp,32531,手動追加(カードラッシュ/版を機械照合)
ミス・オールサンデー(パラレル/SP/illust:Sunohara),,OP14-084,https://minnano-toreka.com/wp-content/uploads/2026/09/OP14-084_minnanotoreca-822582-2.webp,32562,手動追加(カードラッシュ/高画質へ付け替え)
ロロノア・ゾロ(illust:AKIRA EGAWA),,ST21-015,https://minnano-toreka.com/wp-content/uploads/2026/09/ST21-015_minnanotoreca-635880-2.webp,32567,手動追加(カードラッシュ/高画質へ付け替え)
ブラッキーGX,,SM8b 229/150,https://minnano-toreka.com/wp-content/uploads/2026/09/SM8b-229-150_minnanotoreca-91299.webp,32536,手動追加(公式/版をdHashで機械照合)
エーフィ&デオキシスGX SR,SR,SM12a 177/173,https://minnano-toreka.com/wp-content/uploads/2026/09/SM12a-177-173_minnanotoreca-91271.webp,32538,手動追加(公式/版をdHashで機械照合)
モンキー・D・ルフィ,,ST21-014,https://minnano-toreka.com/wp-content/uploads/2026/09/ST21-014_minnanotoreca-706813.webp,32547,手動追加(カードラッシュ/版をdHashで機械照合)
サボ SR-SP (コミパラ),SR,OP04-083,https://minnano-toreka.com/wp-content/uploads/2026/09/OP04-083_minnanotoreca-126134.webp,32549,手動追加(カードラッシュ/版をdHashで機械照合)
ボア・ハンコック SR-SPC,SR,OP07-051,https://minnano-toreka.com/wp-content/uploads/2026/09/OP07-051_minnanotoreca-349478.webp,32551,手動追加(カードラッシュ/版をdHashで機械照合)
ルフィ太郎 SR-SPC,SR,ST18-005,https://minnano-toreka.com/wp-content/uploads/2026/09/ST18-005_minnanotoreca-520558.webp,32556,手動追加(カードラッシュ/版をdHashで機械照合)
ルフィ＆エース L-P,L,ST30-001,https://minnano-toreka.com/wp-content/uploads/2026/09/ST30-001_minnanotoreca-793190.webp,32557,手動追加(カードラッシュ/版をdHashで機械照合)
モンキー・Ｄ・ルフィ,,ST01-001,https://minnano-toreka.com/wp-content/uploads/2026/09/ST01-001_minnanotoreca-171995.webp,32558,手動追加(カードラッシュ/版をdHashで機械照合)
ナミ SR-SPC,SR,OP08-106,https://minnano-toreka.com/wp-content/uploads/2026/09/OP08-106_minnanotoreca-349482.webp,32560,手動追加(カードラッシュ/版をdHashで機械照合)
ゴムゴムの巨人 R-P,R,OP09-078,https://minnano-toreka.com/wp-content/uploads/2026/09/OP09-078_minnanotoreca-656322.webp,32561,手動追加(カードラッシュ/版をdHashで機械照合)
おナミ R-SPC,R,OP06-101,https://minnano-toreka.com/wp-content/uploads/2026/09/OP06-101_minnanotoreca-198742.webp,32564,手動追加(カードラッシュ/版をdHashで機械照合)
しらほし SR-SPC,SR,EB01-057,https://minnano-toreka.com/wp-content/uploads/2026/09/EB01-057_minnanotoreca-520532.webp,32565,手動追加(カードラッシュ/版をdHashで機械照合)
ゴール・D・ロジャー：手配書 SEC-SPC,SEC,OP09-118,https://minnano-toreka.com/wp-content/uploads/2026/09/OP09-118_minnanotoreca-676008.webp,32568,手動追加(カードラッシュ/版をdHashで機械照合)
マーシャル・D・ティーチ：手配書 SR-SPC,SR,OP09-093,https://minnano-toreka.com/wp-content/uploads/2026/09/OP09-093_minnanotoreca-349461.webp,32569,手動追加(カードラッシュ/版をdHashで機械照合)
ポートガス・D・エース,,ST15-005,https://minnano-toreka.com/wp-content/uploads/2026/09/ST15-005_minnanotoreca-744320.webp,32570,手動追加(カードラッシュ/版をdHashで機械照合)
ナミ,,OP11-054,https://minnano-toreka.com/wp-content/uploads/2026/09/OP11-054_minnanotoreca-744313.webp,32571,手動追加(カードラッシュ/版をdHashで機械照合)
モンキー・D・ルフィ,,ST10-006,https://minnano-toreka.com/wp-content/uploads/2026/09/ST10-006_minnanotoreca-315324.webp,32585,手動追加(カードラッシュ/版をdHashで機械照合)
かんこうきゃく,,SM12a 192/173,https://minnano-toreka.com/wp-content/uploads/2026/09/SM12a-192-173_minnanotoreca-91269.webp,32587,手動追加(公式/版をdHashで機械照合)
リザードン R :1ED,R,CP6 011/087,https://minnano-toreka.com/wp-content/uploads/2026/09/CP6-011-087_minnanotoreca-91467.webp,32589,手動追加(公式/版をdHashで機械照合)
シロナ,,SM5M 070/066,https://minnano-toreka.com/wp-content/uploads/2026/09/SM5M-070-066_minnanotoreca-91317.webp,32590,手動追加(公式/版をdHashで機械照合)
レシラムex,,SV11W 174/086,https://minnano-toreka.com/wp-content/uploads/2026/09/SV11W-174-086_minnanotoreca-585221.webp,32591,手動追加(公式/版をdHashで機械照合)
ピカチュウ C: マスターボールミラー (マスボピカチュウ),,SV2a 025/165,https://minnano-toreka.com/wp-content/uploads/2026/09/SV2a-025-165_minnanotoreca-128147-1.webp,32593,手動追加(DOPAリライト第3陣・スニダン/目視で版を確認)
ロロノア・ゾロ,,OP01-001,https://minnano-toreka.com/wp-content/uploads/2026/09/OP01-001_minnanotoreca-171996-cr.webp,32596,手動追加(DOPAリライト第3陣・カードラッシュ/目視で版を確認)
モンキー・D・ルフィ,,OP09-119,https://minnano-toreka.com/wp-content/uploads/2026/09/OP09-119_minnanotoreca-744321-cr.webp,32597,手動追加(DOPAリライト第3陣・カードラッシュ/目視で版を確認)
ロロノア・ゾロ,,OP01-025,https://minnano-toreka.com/wp-content/uploads/2026/09/OP01-025_minnanotoreca-106779.webp,32604,第4陣
カイドウ,,OP01-094,https://minnano-toreka.com/wp-content/uploads/2026/09/OP01-094_minnanotoreca-138425.webp,32605,第4陣
ヤマト SR (フラシヤマト),SR,OP04-112,https://minnano-toreka.com/wp-content/uploads/2026/09/OP04-112_minnanotoreca-282726.webp,32606,第4陣
ジュエリー・ボニー SEC-SP (コミパラ),SEC,OP12-118,https://minnano-toreka.com/wp-content/uploads/2026/09/OP12-118_minnanotoreca-588855.webp,32607,第4陣
サボ：手配書 SEC-SPC,SEC,OP13-120,https://minnano-toreka.com/wp-content/uploads/2026/09/OP13-120_minnanotoreca-676011.webp,32608,第4陣
ルフィは海賊王になる男だ!!!,,OP12-039,https://minnano-toreka.com/wp-content/uploads/2026/09/OP12-039_minnanotoreca-744316.webp,32609,第4陣
わらわ こわい…♡ R-P,R,OP14-118,https://minnano-toreka.com/wp-content/uploads/2026/09/OP14-118_minnanotoreca-728157.webp,32610,第4陣
モンキー・D・ルフィ,,OP05-119,https://minnano-toreka.com/wp-content/uploads/2026/09/OP05-119_minnanotoreca-744848.webp,32611,第4陣
コビー SR-SP (コミパラ),SR,EB04-044,https://minnano-toreka.com/wp-content/uploads/2026/09/EB04-044_minnanotoreca-751303.webp,32612,第4陣
ボア・ハンコック,,OP13-051,https://minnano-toreka.com/wp-content/uploads/2026/09/OP13-051_minnanotoreca-807560.webp,32613,第4陣
ペローナ SR-SPC :和柄アート,SR,OP06-093,https://minnano-toreka.com/wp-content/uploads/2026/09/OP06-093_minnanotoreca-728126.webp,32614,第4陣
バギー,,OP09-042,https://minnano-toreka.com/wp-content/uploads/2026/09/OP09-042_minnanotoreca-744851.webp,32615,第4陣
クザン R-SP (コミパラ),R,OP16-063,https://minnano-toreka.com/wp-content/uploads/2026/09/OP16-063_minnanotoreca-822600.webp,32616,第4陣
[1BOX] ワンピースカードゲーム ブースターパック「蒼海の七傑」,BOX,,https://minnano-toreka.com/wp-content/uploads/2026/09/boxop-soukai-no-shichiketsu_minnanotoreca.webp,32617,第4陣
[1BOX] ワンピースカードゲーム プレミアムブースター「ONE PIECE CARD THE BEST vol.2」,BOX,,https://minnano-toreka.com/wp-content/uploads/2026/09/boxop-onepiece-card-the-best-vol2_minnanotoreca.webp,32618,第4陣
